{
  "precision": 4.5400889857441204e-05,
  "recall": 0.020833333333333332,
  "f1": 9.06043308870164e-05
}