{
  "precision": 0.0006364749082007344,
  "recall": 0.25,
  "f1": 0.0012697172437368756
}