{
  "precision": 0.000933282281994831,
  "recall": 0.25,
  "f1": 0.0018596223536143427
}