{
  "precision": 4.7860629845888775e-05,
  "recall": 0.041666666666666664,
  "f1": 9.561143512764126e-05
}