{
  "precision": 0.0009556622991222997,
  "recall": 0.24358974358974358,
  "f1": 0.0019038553069966684
}