{
  "precision": 0.003051881993896236,
  "recall": 0.07692307692307693,
  "f1": 0.005870841487279843
}