{
  "precision": 0.0008990939899024829,
  "recall": 0.25,
  "f1": 0.0017917441940596792
}