{
  "precision": 0.00031780622900208846,
  "recall": 0.04487179487179487,
  "f1": 0.0006311423676855107
}