{
  "precision": 5.0487201494421164e-05,
  "recall": 0.041666666666666664,
  "f1": 0.00010085220109928898,
  "aupr": 1.23370562118299e-06
}