{
  "precision": 0.0008724200472943499,
  "recall": 0.24358974358974358,
  "f1": 0.0017386132271864205
}