{
  "precision": 4.610738409756323e-05,
  "recall": 0.041666666666666664,
  "f1": 9.211283822682788e-05
}