{
  "precision": 7.17772035601493e-05,
  "recall": 0.0625,
  "f1": 0.0001433897332950961
}