{
  "precision": 0.0002541942043721403,
  "recall": 0.020833333333333332,
  "f1": 0.0005022601707684581
}