{
  "precision": 3.2639738882088947e-05,
  "recall": 0.041666666666666664,
  "f1": 6.52283808685159e-05
}