{
  "precision": 0.003050330452465684,
  "recall": 0.07692307692307693,
  "f1": 0.0058679706601467
}