{
  "precision": 0.0008374007082017418,
  "recall": 0.22435897435897437,
  "f1": 0.0016685736079328757
}