{
  "precision": 0.0008860365430206662,
  "recall": 0.23717948717948717,
  "f1": 0.0017654777525945367
}