{
  "precision": 0.00066668376112208,
  "recall": 0.2047244094488189,
  "f1": 0.0013290395133670704,
  "aupr": 0.00019939929606221877
}