{
  "precision": 4.789386719030628e-05,
  "recall": 0.041666666666666664,
  "f1": 9.567775731336856e-05
}