test,raw_p,bh_q,significant_at_01
stability_kidney,0.0031746031746031746,0.015873015873015872,True
30v100_transfer_permutation,0.010822510822510822,0.027056277056277056,True
threshold_p95_vs_p90_sign,0.08978271484375,0.13690476190476192,False
stability_lung,0.10952380952380952,0.13690476190476192,False
stability_immune,0.9507936507936507,0.9507936507936507,False
