tissue,spearman_corr_aupr_vs_stability
immune,0.03603749850782236
kidney,-0.9549937104572925
lung,-0.6785714285714287
