tissue,confound_weight
immune,0.4489930145626952
kidney,0.1458947389786251
lung,0.40511224645867966
